message_id,date,sender,to,subject,body,intent
,,demo@example.com,recipient@example.com,Budget Review Needed,Please review the Q3 budget report and send me your feedback by end of week. I need your input before the board meeting on Monday.,request
,,demo@example.com,recipient@example.com,Document Forwarding,Could you please forward the signed contract to the legal department? They need it for their records as soon as possible.,request
,,demo@example.com,recipient@example.com,Help with Presentation,Can you help me prepare the slides for the client presentation next Tuesday? I need the financial charts updated with latest numbers.,request
,,demo@example.com,recipient@example.com,Action Required: Report Submission,I need you to submit the monthly compliance report by Friday. Please include all transaction data from the past 30 days.,request
,,demo@example.com,recipient@example.com,Send Updated Files,Would you kindly send me the updated project files? The ones I have are from last month and the client is asking for current numbers.,request
,,demo@example.com,recipient@example.com,Data Export Request,Please export the customer database records for accounts created in Q2 and share them with the analytics team by Thursday.,request
,,demo@example.com,recipient@example.com,Approval Needed for Travel,Can you approve my travel request for the Chicago conference? I need to book flights before the prices go up.,request
,,demo@example.com,recipient@example.com,Printer Setup,Could you set up the new printer on the third floor? The old one has been out of service for a week now.,request
,,demo@example.com,recipient@example.com,FYI: Policy Change,Just letting you know that the company travel policy has been updated effective next month. All international trips now require VP approval.,inform
,,demo@example.com,recipient@example.com,Update on Project Alpha,Wanted to share a quick update on Project Alpha. We completed the first phase ahead of schedule and are now moving to testing.,inform
,,demo@example.com,recipient@example.com,New Team Member,"For your information, Sarah Johnson will be joining our team next Monday as a senior analyst. Please make her feel welcome.",inform
,,demo@example.com,recipient@example.com,Q3 Results Summary,Here is a summary of our Q3 financial results. Revenue was up 12 percent year over year and operating costs decreased by 3 percent.,inform
,,demo@example.com,recipient@example.com,Office Relocation Notice,Please note that our downtown office will be relocating to the new building on Oak Street starting January 15th. More details to follow.,inform
,,demo@example.com,recipient@example.com,System Maintenance Notice,Heads up that the email server will be down for maintenance this Saturday from 10pm to 2am. Please plan accordingly.,inform
,,demo@example.com,recipient@example.com,Quarterly Newsletter,Attached is the quarterly newsletter with updates from all departments. Please review and share with your teams.,inform
,,demo@example.com,recipient@example.com,Policy Update Reminder,Just wanted to let everyone know that the updated expense policy is now live on the intranet. See below for the key changes.,inform
,,demo@example.com,recipient@example.com,Meeting Tomorrow at 2pm,Let us schedule a meeting for tomorrow at 2pm to discuss the quarterly results. Conference room B is available.,schedule
,,demo@example.com,recipient@example.com,Conference Call Setup,I would like to set up a conference call with the Tokyo team this Thursday at 9am EST. Please confirm your availability.,schedule
,,demo@example.com,recipient@example.com,Rescheduling Weekly Sync,The weekly team sync has been moved from Tuesday to Wednesday at 11am. Please update your calendars accordingly.,schedule
,,demo@example.com,recipient@example.com,Lunch Meeting,Are you available for a lunch meeting on Friday? I want to discuss the new hiring plan over at the restaurant across the street.,schedule
,,demo@example.com,recipient@example.com,Board Meeting Date,The board meeting is scheduled for March 15th at 10am in the main conference room. Attendance is mandatory for all directors.,schedule
,,demo@example.com,recipient@example.com,Interview Scheduling,We need to schedule interviews for the three shortlisted candidates. Are you available next Monday and Tuesday afternoon?,schedule
,,demo@example.com,recipient@example.com,Training Session,A training session on the new CRM system has been scheduled for next Wednesday from 2pm to 4pm in the training room.,schedule
,,demo@example.com,recipient@example.com,Calendar Invite,Please accept the calendar invite for the project kickoff meeting on Thursday at 3pm. We will be reviewing the project charter.,schedule
,,demo@example.com,recipient@example.com,Following Up on Proposal,I am following up on the proposal I sent last week. Have you had a chance to review it? We need to finalize by end of month.,follow_up
,,demo@example.com,recipient@example.com,Checking In: Action Items,Just checking in on the action items from our last meeting. Could you provide a status update on the vendor evaluation?,follow_up
,,demo@example.com,recipient@example.com,Reminder: Deadline Friday,This is a reminder that the project deliverables are due this Friday. Please ensure all documents are uploaded to the shared drive.,follow_up
,,demo@example.com,recipient@example.com,Status Update Request,Circling back on the infrastructure migration. Where are we on the database transfer? The original deadline was last Tuesday.,follow_up
,,demo@example.com,recipient@example.com,Pending Invoice,Following up on invoice 4523 that was submitted three weeks ago. It is still showing as pending in our system. Any update?,follow_up
,,demo@example.com,recipient@example.com,Re: Contract Review,Just touching base on the contract review. Has legal had a chance to go through the terms? We need to respond to the vendor.,follow_up
,,demo@example.com,recipient@example.com,Any Progress on Hiring,Checking in on the hiring process for the engineering positions. Have we received any strong applications yet?,follow_up
,,demo@example.com,recipient@example.com,Outstanding Tasks,This is a reminder about the outstanding tasks from the sprint review. Please update the tracking board with your progress.,follow_up
,,demo@example.com,recipient@example.com,Service Quality Issue,I am very disappointed with the service quality from our vendor. The last three deliveries have been late and below standard.,complaint
,,demo@example.com,recipient@example.com,System Outage Concerns,The repeated system outages are becoming unacceptable. We have had three incidents this month alone and it is affecting productivity.,complaint
,,demo@example.com,recipient@example.com,Billing Discrepancy,I have a serious issue with the latest invoice. The charges are significantly higher than what was agreed upon in our contract.,complaint
,,demo@example.com,recipient@example.com,Frustrated with Process,I am extremely frustrated with the current approval process. It takes over two weeks to get a simple purchase order approved.,complaint
,,demo@example.com,recipient@example.com,Team Communication Problems,I am concerned about the communication breakdown between engineering and sales. Customers are being promised features we cannot deliver.,complaint
,,demo@example.com,recipient@example.com,IT Support Complaint,The IT support response time has been terrible lately. My laptop issue has been open for five days with no resolution in sight.,complaint
,,demo@example.com,recipient@example.com,Vendor Performance,The vendor performance this quarter has been very disappointing. Quality has dropped significantly and deadlines are consistently missed.,complaint
,,demo@example.com,recipient@example.com,Escalation: Unresolved Bug,I need to escalate the unresolved bug in the billing system. It has been reported three times and is causing incorrect charges to clients.,complaint
,,demo@example.com,recipient@example.com,Question About Benefits,I have a question about the new health benefits package. What is the coverage for dental and vision under the premium plan?,inquiry
,,demo@example.com,recipient@example.com,How Does the New System Work,I am wondering how the new expense reporting system works. Do we still need manager approval for amounts under 500 dollars?,inquiry
,,demo@example.com,recipient@example.com,Curious About Promotion Criteria,I am curious about the criteria for promotion to senior engineer. Is there a formal rubric or evaluation process?,inquiry
,,demo@example.com,recipient@example.com,What Is the Policy,What is the company policy on remote work for employees in the first 90 days? I could not find this in the handbook.,inquiry
,,demo@example.com,recipient@example.com,Information Needed,Do you know if there is a budget allocated for team building events this quarter? I would like to organize something for our group.,inquiry
,,demo@example.com,recipient@example.com,Technical Question,Can you tell me what version of Python we are standardizing on for new projects? I want to make sure my environment is correct.,inquiry
,,demo@example.com,recipient@example.com,Clarification Needed,Is there a minimum notice period for taking vacation days? I want to plan a trip but am not sure about the process.,inquiry
,,demo@example.com,recipient@example.com,Process Question,How do I submit a reimbursement claim for the conference I attended last month? I cannot find the form on the intranet.,inquiry
,,demo@example.com,recipient@example.com,Re: Budget Approval,The budget for Project Beta has been approved. You are authorized to proceed with vendor selection and initial procurement.,approval
,,demo@example.com,recipient@example.com,Go Ahead on Hiring,Go ahead and extend the offer to the candidate. I have reviewed the compensation package and it looks appropriate.,approval
,,demo@example.com,recipient@example.com,Travel Request Approved,Your travel request to the San Francisco conference has been approved. Please book through the corporate travel portal.,approval
,,demo@example.com,recipient@example.com,Signed Off on Design,I have signed off on the new website design. The team can proceed with development. Great work on the mockups.,approval
,,demo@example.com,recipient@example.com,I Agree with the Plan,I agree with the proposed timeline and resource allocation. Let us move forward with Phase 2 as outlined in your document.,approval
,,demo@example.com,recipient@example.com,Expense Report Approved,Your expense report for the client dinner has been approved and will be reimbursed in the next pay cycle.,approval
,,demo@example.com,recipient@example.com,Green Light for Launch,"After reviewing the QA results, I am giving the green light for the product launch next Monday. All critical bugs have been resolved.",approval
,,demo@example.com,recipient@example.com,Authorization Granted,You are authorized to access the production database for the migration project. Your credentials will be sent separately.,approval
,,demo@example.com,recipient@example.com,Re: Budget Increase,"Unfortunately, the request for a budget increase has been denied. We need to work within the current allocation for this quarter.",rejection
,,demo@example.com,recipient@example.com,Cannot Approve Overtime,I cannot approve the overtime request at this time. We have already exceeded our overtime budget for the month.,rejection
,,demo@example.com,recipient@example.com,Proposal Declined,"After careful review, the committee has declined the proposal for the new office expansion. The cost analysis does not support it.",rejection
,,demo@example.com,recipient@example.com,Not Possible This Quarter,Expanding the team is not possible this quarter due to the hiring freeze. We can revisit this in Q2 when the freeze is lifted.,rejection
,,demo@example.com,recipient@example.com,Unable to Approve Purchase,I am unable to approve the software purchase. The vendor does not meet our security compliance requirements.,rejection
,,demo@example.com,recipient@example.com,Request Denied,Your request to transfer to the London office has been denied due to current staffing needs. We can discuss alternatives.,rejection
,,demo@example.com,recipient@example.com,Will Not Proceed,We will not proceed with the proposed marketing campaign. The projected ROI does not justify the expenditure at this time.,rejection
,,demo@example.com,recipient@example.com,Not Authorized,The third party vendor is not authorized to access our customer data. Please find an alternative solution that meets compliance.,rejection
